symbol,yahooSymbol,date,close,adjClose,volume,source,updatedAt
A,A,2026-05-26,115.080002,115.080002,2839200,Yahoo EOD via GitHub Actions/yfinance,2026-05-27T05:44:12+00:00
AAPL,AAPL,2026-05-26,308.329987,308.329987,47956900,Yahoo EOD via GitHub Actions/yfinance,2026-05-27T05:44:12+00:00
ABBV,ABBV,2026-05-26,213.119995,213.119995,4706700,Yahoo EOD via GitHub Actions/yfinance,2026-05-27T05:44:12+00:00
ABNB,ABNB,2026-05-26,132.679993,132.679993,3331100,Yahoo EOD via GitHub Actions/yfinance,2026-05-27T05:44:12+00:00
ABT,ABT,2026-05-26,86.669998,86.669998,10249200,Yahoo EOD via GitHub Actions/yfinance,2026-05-27T05:44:12+00:00
ACGL,ACGL,2026-05-26,95.370003,95.370003,2072500,Yahoo EOD via GitHub Actions/yfinance,2026-05-27T05:44:12+00:00
ACN,ACN,2026-05-26,177.0,177.0,3822100,Yahoo EOD via GitHub Actions/yfinance,2026-05-27T05:44:12+00:00
ADBE,ADBE,2026-05-26,240.490005,240.490005,3211800,Yahoo EOD via GitHub Actions/yfinance,2026-05-27T05:44:12+00:00
ADI,ADI,2026-05-26,419.940002,419.940002,6628900,Yahoo EOD via GitHub Actions/yfinance,2026-05-27T05:44:12+00:00
ADM,ADM,2026-05-26,78.010002,78.010002,3308100,Yahoo EOD via GitHub Actions/yfinance,2026-05-27T05:44:12+00:00
ADP,ADP,2026-05-26,218.350006,218.350006,2374400,Yahoo EOD via GitHub Actions/yfinance,2026-05-27T05:44:12+00:00
ADSK,ADSK,2026-05-26,238.229996,238.229996,2097800,Yahoo EOD via GitHub Actions/yfinance,2026-05-27T05:44:12+00:00
AEE,AEE,2026-05-26,111.029999,111.029999,1119100,Yahoo EOD via GitHub Actions/yfinance,2026-05-27T05:44:12+00:00
AEP,AEP,2026-05-26,130.899994,130.899994,5996400,Yahoo EOD via GitHub Actions/yfinance,2026-05-27T05:44:12+00:00
AES,AES,2026-05-26,14.67,14.67,5989900,Yahoo EOD via GitHub Actions/yfinance,2026-05-27T05:44:12+00:00
AFL,AFL,2026-05-26,116.82,116.82,2349500,Yahoo EOD via GitHub Actions/yfinance,2026-05-27T05:44:12+00:00
AIG,AIG,2026-05-26,77.190002,77.190002,2302500,Yahoo EOD via GitHub Actions/yfinance,2026-05-27T05:44:12+00:00
AIZ,AIZ,2026-05-26,256.01001,256.01001,213600,Yahoo EOD via GitHub Actions/yfinance,2026-05-27T05:44:12+00:00
AJG,AJG,2026-05-26,203.960007,203.960007,2265800,Yahoo EOD via GitHub Actions/yfinance,2026-05-27T05:44:12+00:00
AKAM,AKAM,2026-05-26,148.210007,148.210007,3662300,Yahoo EOD via GitHub Actions/yfinance,2026-05-27T05:44:12+00:00
ALB,ALB,2026-05-26,174.690002,174.690002,2278200,Yahoo EOD via GitHub Actions/yfinance,2026-05-27T05:44:12+00:00
ALGN,ALGN,2026-05-26,163.550003,163.550003,873500,Yahoo EOD via GitHub Actions/yfinance,2026-05-27T05:44:12+00:00
ALL,ALL,2026-05-26,212.820007,212.820007,1298700,Yahoo EOD via GitHub Actions/yfinance,2026-05-27T05:44:12+00:00
ALLE,ALLE,2026-05-26,131.610001,131.610001,613300,Yahoo EOD via GitHub Actions/yfinance,2026-05-27T05:44:12+00:00
AMAT,AMAT,2026-05-26,454.890015,454.890015,8044400,Yahoo EOD via GitHub Actions/yfinance,2026-05-27T05:44:12+00:00
AMCR,AMCR,2026-05-26,38.950001,38.950001,3055500,Yahoo EOD via GitHub Actions/yfinance,2026-05-27T05:44:12+00:00
AMD,AMD,2026-05-26,503.890015,503.890015,38281400,Yahoo EOD via GitHub Actions/yfinance,2026-05-27T05:44:12+00:00
AME,AME,2026-05-26,229.440002,229.440002,1143000,Yahoo EOD via GitHub Actions/yfinance,2026-05-27T05:44:12+00:00
AMGN,AMGN,2026-05-26,335.940002,335.940002,1860200,Yahoo EOD via GitHub Actions/yfinance,2026-05-27T05:44:12+00:00
AMP,AMP,2026-05-26,455.5,455.5,475100,Yahoo EOD via GitHub Actions/yfinance,2026-05-27T05:44:12+00:00
AMT,AMT,2026-05-26,184.949997,184.949997,2795400,Yahoo EOD via GitHub Actions/yfinance,2026-05-27T05:44:12+00:00
AMZN,AMZN,2026-05-26,265.290009,265.290009,37964400,Yahoo EOD via GitHub Actions/yfinance,2026-05-27T05:44:12+00:00
ANET,ANET,2026-05-26,158.009995,158.009995,11823500,Yahoo EOD via GitHub Actions/yfinance,2026-05-27T05:44:12+00:00
AON,AON,2026-05-26,319.290009,319.290009,1411400,Yahoo EOD via GitHub Actions/yfinance,2026-05-27T05:44:12+00:00
AOS,AOS,2026-05-26,58.330002,58.330002,1672700,Yahoo EOD via GitHub Actions/yfinance,2026-05-27T05:44:12+00:00
APA,APA,2026-05-26,37.5,37.5,4001800,Yahoo EOD via GitHub Actions/yfinance,2026-05-27T05:44:12+00:00
APD,APD,2026-05-26,289.600006,289.600006,1043300,Yahoo EOD via GitHub Actions/yfinance,2026-05-27T05:44:12+00:00
APH,APH,2026-05-26,139.559998,139.559998,16589900,Yahoo EOD via GitHub Actions/yfinance,2026-05-27T05:44:12+00:00
APO,APO,2026-05-26,129.910004,129.910004,2531700,Yahoo EOD via GitHub Actions/yfinance,2026-05-27T05:44:12+00:00
APP,APP,2026-05-26,514.23999,514.23999,6750200,Yahoo EOD via GitHub Actions/yfinance,2026-05-27T05:44:12+00:00
APTV,APTV,2026-05-26,58.759998,58.759998,2752500,Yahoo EOD via GitHub Actions/yfinance,2026-05-27T05:44:12+00:00
ARE,ARE,2026-05-26,48.470001,48.470001,1242000,Yahoo EOD via GitHub Actions/yfinance,2026-05-27T05:44:12+00:00
ARES,ARES,2026-05-26,125.279999,125.279999,2133500,Yahoo EOD via GitHub Actions/yfinance,2026-05-27T05:44:12+00:00
ATO,ATO,2026-05-26,177.720001,177.720001,1477400,Yahoo EOD via GitHub Actions/yfinance,2026-05-27T05:44:12+00:00
AVB,AVB,2026-05-26,185.089996,185.089996,1027500,Yahoo EOD via GitHub Actions/yfinance,2026-05-27T05:44:12+00:00
AVGO,AVGO,2026-05-26,422.01001,422.01001,22529700,Yahoo EOD via GitHub Actions/yfinance,2026-05-27T05:44:12+00:00
AVY,AVY,2026-05-26,159.800003,159.800003,626300,Yahoo EOD via GitHub Actions/yfinance,2026-05-27T05:44:12+00:00
AWK,AWK,2026-05-26,123.849998,123.849998,1448500,Yahoo EOD via GitHub Actions/yfinance,2026-05-27T05:44:12+00:00
AXON,AXON,2026-05-26,385.299988,385.299988,1304700,Yahoo EOD via GitHub Actions/yfinance,2026-05-27T05:44:12+00:00
AXP,AXP,2026-05-26,310.720001,310.720001,2410400,Yahoo EOD via GitHub Actions/yfinance,2026-05-27T05:44:12+00:00
AZO,AZO,2026-05-26,3100.110107,3100.110107,554600,Yahoo EOD via GitHub Actions/yfinance,2026-05-27T05:44:12+00:00
BA,BA,2026-05-26,218.899994,218.899994,5908000,Yahoo EOD via GitHub Actions/yfinance,2026-05-27T05:44:12+00:00
BAC,BAC,2026-05-26,52.200001,52.200001,27387200,Yahoo EOD via GitHub Actions/yfinance,2026-05-27T05:44:12+00:00
BALL,BALL,2026-05-26,56.549999,56.549999,2212800,Yahoo EOD via GitHub Actions/yfinance,2026-05-27T05:44:12+00:00
BAX,BAX,2026-05-26,19.379999,19.379999,5290400,Yahoo EOD via GitHub Actions/yfinance,2026-05-27T05:44:12+00:00
BBY,BBY,2026-05-26,63.220001,63.220001,5087600,Yahoo EOD via GitHub Actions/yfinance,2026-05-27T05:44:12+00:00
BDX,BDX,2026-05-26,147.75,147.75,3243500,Yahoo EOD via GitHub Actions/yfinance,2026-05-27T05:44:12+00:00
BEN,BEN,2026-05-26,31.67,31.67,3832000,Yahoo EOD via GitHub Actions/yfinance,2026-05-27T05:44:12+00:00
BF.B,BF-B,2026-05-26,25.379999,25.379999,2861100,Yahoo EOD via GitHub Actions/yfinance,2026-05-27T05:44:12+00:00
BG,BG,2026-05-26,120.099998,120.099998,1728700,Yahoo EOD via GitHub Actions/yfinance,2026-05-27T05:44:12+00:00
BIIB,BIIB,2026-05-26,193.080002,193.080002,930100,Yahoo EOD via GitHub Actions/yfinance,2026-05-27T05:44:12+00:00
BKNG,BKNG,2026-05-26,163.300003,163.300003,6369700,Yahoo EOD via GitHub Actions/yfinance,2026-05-27T05:44:12+00:00
BKR,BKR,2026-05-26,66.730003,66.730003,8303600,Yahoo EOD via GitHub Actions/yfinance,2026-05-27T05:44:12+00:00
BLDR,BLDR,2026-05-26,74.410004,74.410004,1864400,Yahoo EOD via GitHub Actions/yfinance,2026-05-27T05:44:12+00:00
BLK,BLK,2026-05-26,1077.400024,1077.400024,507400,Yahoo EOD via GitHub Actions/yfinance,2026-05-27T05:44:12+00:00
BMY,BMY,2026-05-26,58.029999,58.029999,8159500,Yahoo EOD via GitHub Actions/yfinance,2026-05-27T05:44:12+00:00
BNY,BNY,2026-05-26,141.050003,141.050003,3981600,Yahoo EOD via GitHub Actions/yfinance,2026-05-27T05:44:12+00:00
BR,BR,2026-05-26,146.949997,146.949997,2192900,Yahoo EOD via GitHub Actions/yfinance,2026-05-27T05:44:12+00:00
BRK.B,BRK-B,2026-05-26,483.619995,483.619995,4348600,Yahoo EOD via GitHub Actions/yfinance,2026-05-27T05:44:12+00:00
BRO,BRO,2026-05-26,56.990002,56.990002,2627100,Yahoo EOD via GitHub Actions/yfinance,2026-05-27T05:44:12+00:00
BSX,BSX,2026-05-26,57.639999,57.639999,15258000,Yahoo EOD via GitHub Actions/yfinance,2026-05-27T05:44:12+00:00
BX,BX,2026-05-26,118.120003,118.120003,3817000,Yahoo EOD via GitHub Actions/yfinance,2026-05-27T05:44:12+00:00
BXP,BXP,2026-05-26,60.610001,60.610001,999800,Yahoo EOD via GitHub Actions/yfinance,2026-05-27T05:44:12+00:00
C,C,2026-05-26,126.860001,126.860001,8966900,Yahoo EOD via GitHub Actions/yfinance,2026-05-27T05:44:12+00:00
CAG,CAG,2026-05-26,13.15,13.15,15977000,Yahoo EOD via GitHub Actions/yfinance,2026-05-27T05:44:12+00:00
CAH,CAH,2026-05-26,200.369995,200.369995,1714900,Yahoo EOD via GitHub Actions/yfinance,2026-05-27T05:44:12+00:00
CARR,CARR,2026-05-26,64.889999,64.889999,5746300,Yahoo EOD via GitHub Actions/yfinance,2026-05-27T05:44:12+00:00
CASY,CASY,2026-05-26,809.409973,809.409973,561800,Yahoo EOD via GitHub Actions/yfinance,2026-05-27T05:44:12+00:00
CAT,CAT,2026-05-26,908.549988,908.549988,2255700,Yahoo EOD via GitHub Actions/yfinance,2026-05-27T05:44:12+00:00
CB,CB,2026-05-26,325.450012,325.450012,1509800,Yahoo EOD via GitHub Actions/yfinance,2026-05-27T05:44:12+00:00
CBOE,CBOE,2026-05-26,354.48999,354.48999,737000,Yahoo EOD via GitHub Actions/yfinance,2026-05-27T05:44:12+00:00
CBRE,CBRE,2026-05-26,129.759995,129.759995,3391100,Yahoo EOD via GitHub Actions/yfinance,2026-05-27T05:44:12+00:00
CCI,CCI,2026-05-26,90.639999,90.639999,3548700,Yahoo EOD via GitHub Actions/yfinance,2026-05-27T05:44:12+00:00
CCL,CCL,2026-05-26,26.709999,26.709999,24948700,Yahoo EOD via GitHub Actions/yfinance,2026-05-27T05:44:12+00:00
CDNS,CDNS,2026-05-26,381.75,381.75,1964700,Yahoo EOD via GitHub Actions/yfinance,2026-05-27T05:44:12+00:00
CDW,CDW,2026-05-26,108.589996,108.589996,1336600,Yahoo EOD via GitHub Actions/yfinance,2026-05-27T05:44:12+00:00
CEG,CEG,2026-05-26,301.570007,301.570007,3606900,Yahoo EOD via GitHub Actions/yfinance,2026-05-27T05:44:12+00:00
CF,CF,2026-05-26,119.160004,119.160004,2508000,Yahoo EOD via GitHub Actions/yfinance,2026-05-27T05:44:12+00:00
CFG,CFG,2026-05-26,63.650002,63.650002,3550400,Yahoo EOD via GitHub Actions/yfinance,2026-05-27T05:44:12+00:00
CHD,CHD,2026-05-26,96.669998,96.669998,1881100,Yahoo EOD via GitHub Actions/yfinance,2026-05-27T05:44:12+00:00
CHRW,CHRW,2026-05-26,177.910004,177.910004,1133300,Yahoo EOD via GitHub Actions/yfinance,2026-05-27T05:44:12+00:00
CHTR,CHTR,2026-05-26,144.0,144.0,1997300,Yahoo EOD via GitHub Actions/yfinance,2026-05-27T05:44:12+00:00
CI,CI,2026-05-26,280.829987,280.829987,2321800,Yahoo EOD via GitHub Actions/yfinance,2026-05-27T05:44:12+00:00
CIEN,CIEN,2026-05-26,602.390015,602.390015,1407700,Yahoo EOD via GitHub Actions/yfinance,2026-05-27T05:44:12+00:00
CINF,CINF,2026-05-26,167.039993,167.039993,388600,Yahoo EOD via GitHub Actions/yfinance,2026-05-27T05:44:12+00:00
CL,CL,2026-05-26,89.849998,89.849998,5811800,Yahoo EOD via GitHub Actions/yfinance,2026-05-27T05:44:12+00:00
CLX,CLX,2026-05-26,96.230003,96.230003,2478700,Yahoo EOD via GitHub Actions/yfinance,2026-05-27T05:44:12+00:00
CMCSA,CMCSA,2026-05-26,25.15,25.15,25780100,Yahoo EOD via GitHub Actions/yfinance,2026-05-27T05:44:12+00:00
CME,CME,2026-05-26,282.540009,282.540009,2339400,Yahoo EOD via GitHub Actions/yfinance,2026-05-27T05:44:12+00:00
CMG,CMG,2026-05-26,32.310001,32.310001,17039000,Yahoo EOD via GitHub Actions/yfinance,2026-05-27T05:44:12+00:00
CMI,CMI,2026-05-26,668.75,668.75,994800,Yahoo EOD via GitHub Actions/yfinance,2026-05-27T05:44:12+00:00
CMS,CMS,2026-05-26,74.199997,74.199997,2017400,Yahoo EOD via GitHub Actions/yfinance,2026-05-27T05:44:12+00:00
CNC,CNC,2026-05-26,57.209999,57.209999,4259500,Yahoo EOD via GitHub Actions/yfinance,2026-05-27T05:44:12+00:00
CNP,CNP,2026-05-26,42.93,42.93,6616500,Yahoo EOD via GitHub Actions/yfinance,2026-05-27T05:44:12+00:00
COF,COF,2026-05-26,186.419998,186.419998,4161600,Yahoo EOD via GitHub Actions/yfinance,2026-05-27T05:44:12+00:00
COHR,COHR,2026-05-26,381.350006,381.350006,4081200,Yahoo EOD via GitHub Actions/yfinance,2026-05-27T05:44:12+00:00
COIN,COIN,2026-05-26,180.009995,180.009995,7727100,Yahoo EOD via GitHub Actions/yfinance,2026-05-27T05:44:12+00:00
COO,COO,2026-05-26,62.029999,62.029999,2000200,Yahoo EOD via GitHub Actions/yfinance,2026-05-27T05:44:12+00:00
COP,COP,2026-05-26,116.57,116.57,7178800,Yahoo EOD via GitHub Actions/yfinance,2026-05-27T05:44:12+00:00
COR,COR,2026-05-26,270.779999,270.779999,1343200,Yahoo EOD via GitHub Actions/yfinance,2026-05-27T05:44:12+00:00
COST,COST,2026-05-26,1002.929993,1002.929993,2704600,Yahoo EOD via GitHub Actions/yfinance,2026-05-27T05:44:12+00:00
CPAY,CPAY,2026-05-26,349.609985,349.609985,677700,Yahoo EOD via GitHub Actions/yfinance,2026-05-27T05:44:12+00:00
CPB,CPB,2026-05-26,20.129999,20.129999,7143700,Yahoo EOD via GitHub Actions/yfinance,2026-05-27T05:44:12+00:00
CPRT,CPRT,2026-05-26,33.240002,33.240002,12817100,Yahoo EOD via GitHub Actions/yfinance,2026-05-27T05:44:12+00:00
CPT,CPT,2026-05-26,107.739998,107.739998,855100,Yahoo EOD via GitHub Actions/yfinance,2026-05-27T05:44:12+00:00
CRH,CRH,2026-05-26,102.110001,102.110001,3806700,Yahoo EOD via GitHub Actions/yfinance,2026-05-27T05:44:12+00:00
CRL,CRL,2026-05-26,156.729996,156.729996,1120400,Yahoo EOD via GitHub Actions/yfinance,2026-05-27T05:44:12+00:00
CRM,CRM,2026-05-26,179.080002,179.080002,13594000,Yahoo EOD via GitHub Actions/yfinance,2026-05-27T05:44:12+00:00
CRWD,CRWD,2026-05-26,671.549988,671.549988,2079900,Yahoo EOD via GitHub Actions/yfinance,2026-05-27T05:44:12+00:00
CSCO,CSCO,2026-05-26,118.330002,118.330002,26591300,Yahoo EOD via GitHub Actions/yfinance,2026-05-27T05:44:12+00:00
CSGP,CSGP,2026-05-26,32.52,32.52,5964300,Yahoo EOD via GitHub Actions/yfinance,2026-05-27T05:44:12+00:00
CSX,CSX,2026-05-26,46.610001,46.610001,12670500,Yahoo EOD via GitHub Actions/yfinance,2026-05-27T05:44:12+00:00
CTAS,CTAS,2026-05-26,171.089996,171.089996,1384300,Yahoo EOD via GitHub Actions/yfinance,2026-05-27T05:44:12+00:00
CTSH,CTSH,2026-05-26,51.810001,51.810001,9871000,Yahoo EOD via GitHub Actions/yfinance,2026-05-27T05:44:12+00:00
CTVA,CTVA,2026-05-26,79.089996,79.089996,2164300,Yahoo EOD via GitHub Actions/yfinance,2026-05-27T05:44:12+00:00
CVNA,CVNA,2026-05-26,70.150002,70.150002,10364300,Yahoo EOD via GitHub Actions/yfinance,2026-05-27T05:44:12+00:00
CVS,CVS,2026-05-26,90.730003,90.730003,5623600,Yahoo EOD via GitHub Actions/yfinance,2026-05-27T05:44:12+00:00
CVX,CVX,2026-05-26,184.710007,184.710007,14246600,Yahoo EOD via GitHub Actions/yfinance,2026-05-27T05:44:12+00:00
D,D,2026-05-26,67.279999,67.279999,8121200,Yahoo EOD via GitHub Actions/yfinance,2026-05-27T05:44:12+00:00
DAL,DAL,2026-05-26,79.389999,79.389999,9492400,Yahoo EOD via GitHub Actions/yfinance,2026-05-27T05:44:12+00:00
DASH,DASH,2026-05-26,154.0,154.0,3970200,Yahoo EOD via GitHub Actions/yfinance,2026-05-27T05:44:12+00:00
DD,DD,2026-05-26,49.459999,49.459999,3523900,Yahoo EOD via GitHub Actions/yfinance,2026-05-27T05:44:12+00:00
DDOG,DDOG,2026-05-26,223.649994,223.649994,3631100,Yahoo EOD via GitHub Actions/yfinance,2026-05-27T05:44:12+00:00
DE,DE,2026-05-26,529.119995,529.119995,1419100,Yahoo EOD via GitHub Actions/yfinance,2026-05-27T05:44:12+00:00
DECK,DECK,2026-05-26,111.440002,111.440002,3036900,Yahoo EOD via GitHub Actions/yfinance,2026-05-27T05:44:12+00:00
DELL,DELL,2026-05-26,305.079987,305.079987,10268700,Yahoo EOD via GitHub Actions/yfinance,2026-05-27T05:44:12+00:00
DG,DG,2026-05-26,103.610001,103.610001,3541000,Yahoo EOD via GitHub Actions/yfinance,2026-05-27T05:44:12+00:00
DGX,DGX,2026-05-26,192.880005,192.880005,869400,Yahoo EOD via GitHub Actions/yfinance,2026-05-27T05:44:12+00:00
DHI,DHI,2026-05-26,145.600006,145.600006,1817300,Yahoo EOD via GitHub Actions/yfinance,2026-05-27T05:44:12+00:00
DHR,DHR,2026-05-26,172.809998,172.809998,3283100,Yahoo EOD via GitHub Actions/yfinance,2026-05-27T05:44:12+00:00
DIS,DIS,2026-05-26,103.279999,103.279999,6714400,Yahoo EOD via GitHub Actions/yfinance,2026-05-27T05:44:12+00:00
DLR,DLR,2026-05-26,193.669998,193.669998,1958400,Yahoo EOD via GitHub Actions/yfinance,2026-05-27T05:44:12+00:00
DLTR,DLTR,2026-05-26,93.699997,93.699997,4314300,Yahoo EOD via GitHub Actions/yfinance,2026-05-27T05:44:12+00:00
DOC,DOC,2026-05-26,20.030001,20.030001,6425100,Yahoo EOD via GitHub Actions/yfinance,2026-05-27T05:44:12+00:00
DOV,DOV,2026-05-26,215.399994,215.399994,924200,Yahoo EOD via GitHub Actions/yfinance,2026-05-27T05:44:12+00:00
DOW,DOW,2026-05-26,35.279999,35.279999,14114900,Yahoo EOD via GitHub Actions/yfinance,2026-05-27T05:44:12+00:00
DPZ,DPZ,2026-05-26,310.420013,310.420013,665200,Yahoo EOD via GitHub Actions/yfinance,2026-05-27T05:44:12+00:00
DRI,DRI,2026-05-26,203.830002,203.830002,1053500,Yahoo EOD via GitHub Actions/yfinance,2026-05-27T05:44:12+00:00
DTE,DTE,2026-05-26,144.619995,144.619995,1589800,Yahoo EOD via GitHub Actions/yfinance,2026-05-27T05:44:12+00:00
DUK,DUK,2026-05-26,124.970001,124.970001,2877000,Yahoo EOD via GitHub Actions/yfinance,2026-05-27T05:44:12+00:00
DVA,DVA,2026-05-26,195.570007,195.570007,542100,Yahoo EOD via GitHub Actions/yfinance,2026-05-27T05:44:12+00:00
DVN,DVN,2026-05-26,45.139999,45.139999,13216800,Yahoo EOD via GitHub Actions/yfinance,2026-05-27T05:44:12+00:00
DXCM,DXCM,2026-05-26,72.010002,72.010002,5311900,Yahoo EOD via GitHub Actions/yfinance,2026-05-27T05:44:12+00:00
EA,EA,2026-05-26,201.130005,201.130005,1518000,Yahoo EOD via GitHub Actions/yfinance,2026-05-27T05:44:12+00:00
EBAY,EBAY,2026-05-26,115.309998,115.309998,3613100,Yahoo EOD via GitHub Actions/yfinance,2026-05-27T05:44:12+00:00
ECL,ECL,2026-05-26,254.229996,254.229996,1054100,Yahoo EOD via GitHub Actions/yfinance,2026-05-27T05:44:12+00:00
ED,ED,2026-05-26,107.699997,107.699997,1933600,Yahoo EOD via GitHub Actions/yfinance,2026-05-27T05:44:12+00:00
EFX,EFX,2026-05-26,162.809998,162.809998,1061200,Yahoo EOD via GitHub Actions/yfinance,2026-05-27T05:44:12+00:00
EG,EG,2026-05-26,352.209991,352.209991,219200,Yahoo EOD via GitHub Actions/yfinance,2026-05-27T05:44:12+00:00
EIX,EIX,2026-05-26,71.239998,71.239998,1908700,Yahoo EOD via GitHub Actions/yfinance,2026-05-27T05:44:12+00:00
EL,EL,2026-05-26,86.599998,86.599998,3597800,Yahoo EOD via GitHub Actions/yfinance,2026-05-27T05:44:12+00:00
ELV,ELV,2026-05-26,387.850006,387.850006,1518500,Yahoo EOD via GitHub Actions/yfinance,2026-05-27T05:44:12+00:00
EME,EME,2026-05-26,861.409973,861.409973,260900,Yahoo EOD via GitHub Actions/yfinance,2026-05-27T05:44:12+00:00
EMR,EMR,2026-05-26,140.970001,140.970001,2689600,Yahoo EOD via GitHub Actions/yfinance,2026-05-27T05:44:12+00:00
EOG,EOG,2026-05-26,136.199997,136.199997,3134100,Yahoo EOD via GitHub Actions/yfinance,2026-05-27T05:44:12+00:00
EPAM,EPAM,2026-05-26,99.690002,99.690002,1328900,Yahoo EOD via GitHub Actions/yfinance,2026-05-27T05:44:12+00:00
EQIX,EQIX,2026-05-26,1077.630005,1077.630005,1208900,Yahoo EOD via GitHub Actions/yfinance,2026-05-27T05:44:12+00:00
EQR,EQR,2026-05-26,66.129997,66.129997,2050000,Yahoo EOD via GitHub Actions/yfinance,2026-05-27T05:44:12+00:00
EQT,EQT,2026-05-26,56.209999,56.209999,8952900,Yahoo EOD via GitHub Actions/yfinance,2026-05-27T05:44:12+00:00
ERIE,ERIE,2026-05-26,223.070007,223.070007,200900,Yahoo EOD via GitHub Actions/yfinance,2026-05-27T05:44:12+00:00
ES,ES,2026-05-26,69.699997,69.699997,2496600,Yahoo EOD via GitHub Actions/yfinance,2026-05-27T05:44:12+00:00
ESS,ESS,2026-05-26,277.25,277.25,410600,Yahoo EOD via GitHub Actions/yfinance,2026-05-27T05:44:12+00:00
ETN,ETN,2026-05-26,403.130005,403.130005,2855200,Yahoo EOD via GitHub Actions/yfinance,2026-05-27T05:44:12+00:00
ETR,ETR,2026-05-26,111.970001,111.970001,3520400,Yahoo EOD via GitHub Actions/yfinance,2026-05-27T05:44:12+00:00
EVRG,EVRG,2026-05-26,84.110001,84.110001,1698800,Yahoo EOD via GitHub Actions/yfinance,2026-05-27T05:44:12+00:00
EW,EW,2026-05-26,87.540001,87.540001,5116100,Yahoo EOD via GitHub Actions/yfinance,2026-05-27T05:44:12+00:00
EXC,EXC,2026-05-26,46.029999,46.029999,9208500,Yahoo EOD via GitHub Actions/yfinance,2026-05-27T05:44:12+00:00
EXE,EXE,2026-05-26,94.550003,94.550003,3468400,Yahoo EOD via GitHub Actions/yfinance,2026-05-27T05:44:12+00:00
EXPD,EXPD,2026-05-26,160.699997,160.699997,747000,Yahoo EOD via GitHub Actions/yfinance,2026-05-27T05:44:12+00:00
EXPE,EXPE,2026-05-26,222.970001,222.970001,1610800,Yahoo EOD via GitHub Actions/yfinance,2026-05-27T05:44:12+00:00
EXR,EXR,2026-05-26,143.990005,143.990005,967700,Yahoo EOD via GitHub Actions/yfinance,2026-05-27T05:44:12+00:00
F,F,2026-05-26,15.32,15.32,90369900,Yahoo EOD via GitHub Actions/yfinance,2026-05-27T05:44:12+00:00
FANG,FANG,2026-05-26,195.130005,195.130005,1651900,Yahoo EOD via GitHub Actions/yfinance,2026-05-27T05:44:12+00:00
FAST,FAST,2026-05-26,44.450001,44.450001,5706700,Yahoo EOD via GitHub Actions/yfinance,2026-05-27T05:44:12+00:00
FCX,FCX,2026-05-26,64.360001,64.360001,11372000,Yahoo EOD via GitHub Actions/yfinance,2026-05-27T05:44:12+00:00
FDS,FDS,2026-05-26,230.919998,230.919998,697700,Yahoo EOD via GitHub Actions/yfinance,2026-05-27T05:44:12+00:00
FDX,FDX,2026-05-26,400.0,400.0,1243500,Yahoo EOD via GitHub Actions/yfinance,2026-05-27T05:44:12+00:00
FE,FE,2026-05-26,46.639999,46.639999,5437300,Yahoo EOD via GitHub Actions/yfinance,2026-05-27T05:44:12+00:00
FFIV,FFIV,2026-05-26,397.0,397.0,537700,Yahoo EOD via GitHub Actions/yfinance,2026-05-27T05:44:12+00:00
FICO,FICO,2026-05-26,1259.890015,1259.890015,386400,Yahoo EOD via GitHub Actions/yfinance,2026-05-27T05:44:12+00:00
FIS,FIS,2026-05-26,42.220001,42.220001,5199900,Yahoo EOD via GitHub Actions/yfinance,2026-05-27T05:44:12+00:00
FISV,FISV,2026-05-26,55.610001,55.610001,5608100,Yahoo EOD via GitHub Actions/yfinance,2026-05-27T05:44:12+00:00
FITB,FITB,2026-05-26,49.82,49.82,7076400,Yahoo EOD via GitHub Actions/yfinance,2026-05-27T05:44:12+00:00
FIX,FIX,2026-05-26,1883.560059,1883.560059,316500,Yahoo EOD via GitHub Actions/yfinance,2026-05-27T05:44:12+00:00
FOX,FOX,2026-05-26,58.080002,58.080002,587400,Yahoo EOD via GitHub Actions/yfinance,2026-05-27T05:44:12+00:00
FOXA,FOXA,2026-05-26,64.959999,64.959999,1858000,Yahoo EOD via GitHub Actions/yfinance,2026-05-27T05:44:12+00:00
FRT,FRT,2026-05-26,120.160004,120.160004,819700,Yahoo EOD via GitHub Actions/yfinance,2026-05-27T05:44:12+00:00
FSLR,FSLR,2026-05-26,269.950012,269.950012,3969400,Yahoo EOD via GitHub Actions/yfinance,2026-05-27T05:44:12+00:00
FTNT,FTNT,2026-05-26,133.960007,133.960007,4820100,Yahoo EOD via GitHub Actions/yfinance,2026-05-27T05:44:12+00:00
FTV,FTV,2026-05-26,60.32,60.32,2452500,Yahoo EOD via GitHub Actions/yfinance,2026-05-27T05:44:12+00:00
GD,GD,2026-05-26,344.640015,344.640015,1270000,Yahoo EOD via GitHub Actions/yfinance,2026-05-27T05:44:12+00:00
GDDY,GDDY,2026-05-26,88.989998,88.989998,1903700,Yahoo EOD via GitHub Actions/yfinance,2026-05-27T05:44:12+00:00
GE,GE,2026-05-26,314.48999,314.48999,5084200,Yahoo EOD via GitHub Actions/yfinance,2026-05-27T05:44:12+00:00
GEHC,GEHC,2026-05-26,64.18,64.18,4011300,Yahoo EOD via GitHub Actions/yfinance,2026-05-27T05:44:12+00:00
GEN,GEN,2026-05-26,24.76,24.76,6443700,Yahoo EOD via GitHub Actions/yfinance,2026-05-27T05:44:12+00:00
GEV,GEV,2026-05-26,1070.469971,1070.469971,1877300,Yahoo EOD via GitHub Actions/yfinance,2026-05-27T05:44:12+00:00
GILD,GILD,2026-05-26,133.729996,133.729996,6408900,Yahoo EOD via GitHub Actions/yfinance,2026-05-27T05:44:12+00:00
GIS,GIS,2026-05-26,33.16,33.16,9638400,Yahoo EOD via GitHub Actions/yfinance,2026-05-27T05:44:12+00:00
GL,GL,2026-05-26,156.75,156.75,369000,Yahoo EOD via GitHub Actions/yfinance,2026-05-27T05:44:12+00:00
GLW,GLW,2026-05-26,196.169998,196.169998,9055500,Yahoo EOD via GitHub Actions/yfinance,2026-05-27T05:44:12+00:00
GM,GM,2026-05-26,79.790001,79.790001,5021700,Yahoo EOD via GitHub Actions/yfinance,2026-05-27T05:44:12+00:00
GNRC,GNRC,2026-05-26,274.820007,274.820007,678800,Yahoo EOD via GitHub Actions/yfinance,2026-05-27T05:44:12+00:00
GOOG,GOOG,2026-05-26,384.839996,384.839996,16126900,Yahoo EOD via GitHub Actions/yfinance,2026-05-27T05:44:12+00:00
GOOGL,GOOGL,2026-05-26,388.880005,388.880005,27706400,Yahoo EOD via GitHub Actions/yfinance,2026-05-27T05:44:12+00:00
GPC,GPC,2026-05-26,97.050003,97.050003,1542200,Yahoo EOD via GitHub Actions/yfinance,2026-05-27T05:44:12+00:00
GPN,GPN,2026-05-26,73.279999,73.279999,2330700,Yahoo EOD via GitHub Actions/yfinance,2026-05-27T05:44:12+00:00
GRMN,GRMN,2026-05-26,238.529999,238.529999,636400,Yahoo EOD via GitHub Actions/yfinance,2026-05-27T05:44:12+00:00
GS,GS,2026-05-26,994.52002,994.52002,2080600,Yahoo EOD via GitHub Actions/yfinance,2026-05-27T05:44:12+00:00
GWW,GWW,2026-05-26,1249.219971,1249.219971,328000,Yahoo EOD via GitHub Actions/yfinance,2026-05-27T05:44:12+00:00
HAL,HAL,2026-05-26,41.080002,41.080002,15202100,Yahoo EOD via GitHub Actions/yfinance,2026-05-27T05:44:12+00:00
HAS,HAS,2026-05-26,87.989998,87.989998,2027500,Yahoo EOD via GitHub Actions/yfinance,2026-05-27T05:44:12+00:00
HBAN,HBAN,2026-05-26,16.059999,16.059999,30270100,Yahoo EOD via GitHub Actions/yfinance,2026-05-27T05:44:12+00:00
HCA,HCA,2026-05-26,392.420013,392.420013,1091700,Yahoo EOD via GitHub Actions/yfinance,2026-05-27T05:44:12+00:00
HD,HD,2026-05-26,310.540009,310.540009,6978200,Yahoo EOD via GitHub Actions/yfinance,2026-05-27T05:44:12+00:00
HIG,HIG,2026-05-26,135.360001,135.360001,1533600,Yahoo EOD via GitHub Actions/yfinance,2026-05-27T05:44:12+00:00
HII,HII,2026-05-26,320.950012,320.950012,381300,Yahoo EOD via GitHub Actions/yfinance,2026-05-27T05:44:12+00:00
HLT,HLT,2026-05-26,323.809998,323.809998,1228200,Yahoo EOD via GitHub Actions/yfinance,2026-05-27T05:44:12+00:00
HON,HON,2026-05-26,231.720001,231.720001,6586800,Yahoo EOD via GitHub Actions/yfinance,2026-05-27T05:44:12+00:00
HOOD,HOOD,2026-05-26,74.089996,74.089996,20082500,Yahoo EOD via GitHub Actions/yfinance,2026-05-27T05:44:12+00:00
HPE,HPE,2026-05-26,38.060001,38.060001,16802000,Yahoo EOD via GitHub Actions/yfinance,2026-05-27T05:44:12+00:00
HPQ,HPQ,2026-05-26,24.43,24.43,33888100,Yahoo EOD via GitHub Actions/yfinance,2026-05-27T05:44:12+00:00
HRL,HRL,2026-05-26,20.889999,20.889999,6719800,Yahoo EOD via GitHub Actions/yfinance,2026-05-27T05:44:12+00:00
HSIC,HSIC,2026-05-26,73.900002,73.900002,1228500,Yahoo EOD via GitHub Actions/yfinance,2026-05-27T05:44:12+00:00
HST,HST,2026-05-26,23.110001,23.110001,8959700,Yahoo EOD via GitHub Actions/yfinance,2026-05-27T05:44:12+00:00
HSY,HSY,2026-05-26,191.119995,191.119995,2139200,Yahoo EOD via GitHub Actions/yfinance,2026-05-27T05:44:12+00:00
HUBB,HUBB,2026-05-26,478.049988,478.049988,800873,Yahoo EOD via GitHub Actions/yfinance,2026-05-27T05:44:12+00:00
HUM,HUM,2026-05-26,301.690002,301.690002,698100,Yahoo EOD via GitHub Actions/yfinance,2026-05-27T05:44:12+00:00
HWM,HWM,2026-05-26,261.890015,261.890015,1777900,Yahoo EOD via GitHub Actions/yfinance,2026-05-27T05:44:12+00:00
IBKR,IBKR,2026-05-26,82.889999,82.889999,4281100,Yahoo EOD via GitHub Actions/yfinance,2026-05-27T05:44:12+00:00
IBM,IBM,2026-05-26,250.690002,250.690002,9234700,Yahoo EOD via GitHub Actions/yfinance,2026-05-27T05:44:12+00:00
ICE,ICE,2026-05-26,150.639999,150.639999,2955700,Yahoo EOD via GitHub Actions/yfinance,2026-05-27T05:44:12+00:00
IDXX,IDXX,2026-05-26,557.210022,557.210022,425100,Yahoo EOD via GitHub Actions/yfinance,2026-05-27T05:44:12+00:00
IEX,IEX,2026-05-26,211.130005,211.130005,958800,Yahoo EOD via GitHub Actions/yfinance,2026-05-27T05:44:12+00:00
IFF,IFF,2026-05-26,75.870003,75.870003,1392200,Yahoo EOD via GitHub Actions/yfinance,2026-05-27T05:44:12+00:00
INCY,INCY,2026-05-26,97.099998,97.099998,1176000,Yahoo EOD via GitHub Actions/yfinance,2026-05-27T05:44:12+00:00
INTC,INTC,2026-05-26,123.519997,123.519997,107753200,Yahoo EOD via GitHub Actions/yfinance,2026-05-27T05:44:12+00:00
INTU,INTU,2026-05-26,304.350006,304.350006,9745200,Yahoo EOD via GitHub Actions/yfinance,2026-05-27T05:44:12+00:00
INVH,INVH,2026-05-26,29.4,29.4,3847900,Yahoo EOD via GitHub Actions/yfinance,2026-05-27T05:44:12+00:00
IP,IP,2026-05-26,31.959999,31.959999,4954100,Yahoo EOD via GitHub Actions/yfinance,2026-05-27T05:44:12+00:00
IQV,IQV,2026-05-26,162.0,162.0,2005200,Yahoo EOD via GitHub Actions/yfinance,2026-05-27T05:44:12+00:00
IR,IR,2026-05-26,72.43,72.43,4309500,Yahoo EOD via GitHub Actions/yfinance,2026-05-27T05:44:12+00:00
IRM,IRM,2026-05-26,128.399994,128.399994,1003700,Yahoo EOD via GitHub Actions/yfinance,2026-05-27T05:44:12+00:00
ISRG,ISRG,2026-05-26,436.640015,436.640015,1688500,Yahoo EOD via GitHub Actions/yfinance,2026-05-27T05:44:12+00:00
IT,IT,2026-05-26,157.889999,157.889999,1083000,Yahoo EOD via GitHub Actions/yfinance,2026-05-27T05:44:12+00:00
ITW,ITW,2026-05-26,250.410004,250.410004,1269400,Yahoo EOD via GitHub Actions/yfinance,2026-05-27T05:44:12+00:00
IVZ,IVZ,2026-05-26,27.690001,27.690001,2666500,Yahoo EOD via GitHub Actions/yfinance,2026-05-27T05:44:12+00:00
J,J,2026-05-26,115.849998,115.849998,984800,Yahoo EOD via GitHub Actions/yfinance,2026-05-27T05:44:12+00:00
JBHT,JBHT,2026-05-26,267.630005,267.630005,588300,Yahoo EOD via GitHub Actions/yfinance,2026-05-27T05:44:12+00:00
JBL,JBL,2026-05-26,380.25,380.25,1240200,Yahoo EOD via GitHub Actions/yfinance,2026-05-27T05:44:12+00:00
JCI,JCI,2026-05-26,140.220001,140.220001,1962700,Yahoo EOD via GitHub Actions/yfinance,2026-05-27T05:44:12+00:00
JKHY,JKHY,2026-05-26,137.360001,137.360001,1558700,Yahoo EOD via GitHub Actions/yfinance,2026-05-27T05:44:12+00:00
JNJ,JNJ,2026-05-26,230.179993,230.179993,6619600,Yahoo EOD via GitHub Actions/yfinance,2026-05-27T05:44:12+00:00
JPM,JPM,2026-05-26,306.73999,306.73999,7725400,Yahoo EOD via GitHub Actions/yfinance,2026-05-27T05:44:12+00:00
KDP,KDP,2026-05-26,29.549999,29.549999,14386000,Yahoo EOD via GitHub Actions/yfinance,2026-05-27T05:44:12+00:00
KEY,KEY,2026-05-26,21.77,21.77,6664700,Yahoo EOD via GitHub Actions/yfinance,2026-05-27T05:44:12+00:00
KEYS,KEYS,2026-05-26,355.73999,355.73999,2215100,Yahoo EOD via GitHub Actions/yfinance,2026-05-27T05:44:12+00:00
KHC,KHC,2026-05-26,23.85,23.85,15181300,Yahoo EOD via GitHub Actions/yfinance,2026-05-27T05:44:12+00:00
KIM,KIM,2026-05-26,24.540001,24.540001,5589800,Yahoo EOD via GitHub Actions/yfinance,2026-05-27T05:44:12+00:00
KKR,KKR,2026-05-26,94.989998,94.989998,3609800,Yahoo EOD via GitHub Actions/yfinance,2026-05-27T05:44:12+00:00
KLAC,KLAC,2026-05-26,2011.390015,2011.390015,1150300,Yahoo EOD via GitHub Actions/yfinance,2026-05-27T05:44:12+00:00
KMB,KMB,2026-05-26,98.769997,98.769997,3850500,Yahoo EOD via GitHub Actions/yfinance,2026-05-27T05:44:12+00:00
KMI,KMI,2026-05-26,32.869999,32.869999,8509300,Yahoo EOD via GitHub Actions/yfinance,2026-05-27T05:44:12+00:00
KO,KO,2026-05-26,80.459999,80.459999,13004200,Yahoo EOD via GitHub Actions/yfinance,2026-05-27T05:44:12+00:00
KR,KR,2026-05-26,64.550003,64.550003,9241300,Yahoo EOD via GitHub Actions/yfinance,2026-05-27T05:44:12+00:00
KVUE,KVUE,2026-05-26,17.49,17.49,14081000,Yahoo EOD via GitHub Actions/yfinance,2026-05-27T05:44:12+00:00
L,L,2026-05-26,109.089996,109.089996,546300,Yahoo EOD via GitHub Actions/yfinance,2026-05-27T05:44:12+00:00
LDOS,LDOS,2026-05-26,128.119995,128.119995,1221800,Yahoo EOD via GitHub Actions/yfinance,2026-05-27T05:44:12+00:00
LEN,LEN,2026-05-26,89.290001,89.290001,2475000,Yahoo EOD via GitHub Actions/yfinance,2026-05-27T05:44:12+00:00
LH,LH,2026-05-26,258.450012,258.450012,636400,Yahoo EOD via GitHub Actions/yfinance,2026-05-27T05:44:12+00:00
LHX,LHX,2026-05-26,313.470001,313.470001,912400,Yahoo EOD via GitHub Actions/yfinance,2026-05-27T05:44:12+00:00
LII,LII,2026-05-26,502.559998,502.559998,438900,Yahoo EOD via GitHub Actions/yfinance,2026-05-27T05:44:12+00:00
LIN,LIN,2026-05-26,514.969971,514.969971,2099100,Yahoo EOD via GitHub Actions/yfinance,2026-05-27T05:44:12+00:00
LITE,LITE,2026-05-26,910.809998,910.809998,5189200,Yahoo EOD via GitHub Actions/yfinance,2026-05-27T05:44:12+00:00
LLY,LLY,2026-05-26,1064.73999,1064.73999,2981000,Yahoo EOD via GitHub Actions/yfinance,2026-05-27T05:44:12+00:00
LMT,LMT,2026-05-26,532.900024,532.900024,1346600,Yahoo EOD via GitHub Actions/yfinance,2026-05-27T05:44:12+00:00
LNT,LNT,2026-05-26,73.68,73.68,1439900,Yahoo EOD via GitHub Actions/yfinance,2026-05-27T05:44:12+00:00
LOW,LOW,2026-05-26,212.080002,212.080002,3714400,Yahoo EOD via GitHub Actions/yfinance,2026-05-27T05:44:12+00:00
LRCX,LRCX,2026-05-26,322.679993,322.679993,9763600,Yahoo EOD via GitHub Actions/yfinance,2026-05-27T05:44:12+00:00
LULU,LULU,2026-05-26,127.349998,127.349998,2374700,Yahoo EOD via GitHub Actions/yfinance,2026-05-27T05:44:12+00:00
LUV,LUV,2026-05-26,42.279999,42.279999,7115100,Yahoo EOD via GitHub Actions/yfinance,2026-05-27T05:44:12+00:00
LVS,LVS,2026-05-26,49.75,49.75,3153700,Yahoo EOD via GitHub Actions/yfinance,2026-05-27T05:44:12+00:00
LYB,LYB,2026-05-26,69.010002,69.010002,5304600,Yahoo EOD via GitHub Actions/yfinance,2026-05-27T05:44:12+00:00
LYV,LYV,2026-05-26,166.520004,166.520004,2191100,Yahoo EOD via GitHub Actions/yfinance,2026-05-27T05:44:12+00:00
MA,MA,2026-05-26,493.01001,493.01001,1947300,Yahoo EOD via GitHub Actions/yfinance,2026-05-27T05:44:12+00:00
MAA,MAA,2026-05-26,130.539993,130.539993,547700,Yahoo EOD via GitHub Actions/yfinance,2026-05-27T05:44:12+00:00
MAR,MAR,2026-05-26,373.809998,373.809998,1105600,Yahoo EOD via GitHub Actions/yfinance,2026-05-27T05:44:12+00:00
MAS,MAS,2026-05-26,68.900002,68.900002,2093600,Yahoo EOD via GitHub Actions/yfinance,2026-05-27T05:44:12+00:00
MCD,MCD,2026-05-26,279.26001,279.26001,4227400,Yahoo EOD via GitHub Actions/yfinance,2026-05-27T05:44:12+00:00
MCHP,MCHP,2026-05-26,98.050003,98.050003,13087000,Yahoo EOD via GitHub Actions/yfinance,2026-05-27T05:44:12+00:00
MCK,MCK,2026-05-26,754.400024,754.400024,1978100,Yahoo EOD via GitHub Actions/yfinance,2026-05-27T05:44:12+00:00
MCO,MCO,2026-05-26,451.100006,451.100006,842700,Yahoo EOD via GitHub Actions/yfinance,2026-05-27T05:44:12+00:00
MDLZ,MDLZ,2026-05-26,61.240002,61.240002,7829300,Yahoo EOD via GitHub Actions/yfinance,2026-05-27T05:44:12+00:00
MDT,MDT,2026-05-26,77.599998,77.599998,6703900,Yahoo EOD via GitHub Actions/yfinance,2026-05-27T05:44:12+00:00
MET,MET,2026-05-26,83.269997,83.269997,3381000,Yahoo EOD via GitHub Actions/yfinance,2026-05-27T05:44:12+00:00
META,META,2026-05-26,612.340027,612.340027,12214300,Yahoo EOD via GitHub Actions/yfinance,2026-05-27T05:44:12+00:00
MGM,MGM,2026-05-26,38.450001,38.450001,3003900,Yahoo EOD via GitHub Actions/yfinance,2026-05-27T05:44:12+00:00
MKC,MKC,2026-05-26,46.82,46.82,4211300,Yahoo EOD via GitHub Actions/yfinance,2026-05-27T05:44:12+00:00
MLM,MLM,2026-05-26,560.929993,560.929993,653300,Yahoo EOD via GitHub Actions/yfinance,2026-05-27T05:44:12+00:00
MMM,MMM,2026-05-26,154.029999,154.029999,2319100,Yahoo EOD via GitHub Actions/yfinance,2026-05-27T05:44:12+00:00
MNST,MNST,2026-05-26,87.419998,87.419998,4812900,Yahoo EOD via GitHub Actions/yfinance,2026-05-27T05:44:12+00:00
MO,MO,2026-05-26,72.370003,72.370003,9219500,Yahoo EOD via GitHub Actions/yfinance,2026-05-27T05:44:12+00:00
MOS,MOS,2026-05-26,22.620001,22.620001,8458900,Yahoo EOD via GitHub Actions/yfinance,2026-05-27T05:44:12+00:00
MPC,MPC,2026-05-26,248.050003,248.050003,2403700,Yahoo EOD via GitHub Actions/yfinance,2026-05-27T05:44:12+00:00
MPWR,MPWR,2026-05-26,1662.97998,1662.97998,821400,Yahoo EOD via GitHub Actions/yfinance,2026-05-27T05:44:12+00:00
MRK,MRK,2026-05-26,119.720001,119.720001,10008700,Yahoo EOD via GitHub Actions/yfinance,2026-05-27T05:44:12+00:00
MRNA,MRNA,2026-05-26,47.029999,47.029999,3993700,Yahoo EOD via GitHub Actions/yfinance,2026-05-27T05:44:12+00:00
MRSH,MRSH,2026-05-26,161.970001,161.970001,2014100,Yahoo EOD via GitHub Actions/yfinance,2026-05-27T05:44:12+00:00
MS,MS,2026-05-26,201.759995,201.759995,5567400,Yahoo EOD via GitHub Actions/yfinance,2026-05-27T05:44:12+00:00
MSCI,MSCI,2026-05-26,588.52002,588.52002,566700,Yahoo EOD via GitHub Actions/yfinance,2026-05-27T05:44:12+00:00
MSFT,MSFT,2026-05-26,416.029999,416.029999,30356600,Yahoo EOD via GitHub Actions/yfinance,2026-05-27T05:44:12+00:00
MSI,MSI,2026-05-26,410.480011,410.480011,1354800,Yahoo EOD via GitHub Actions/yfinance,2026-05-27T05:44:12+00:00
MTB,MTB,2026-05-26,215.229996,215.229996,872600,Yahoo EOD via GitHub Actions/yfinance,2026-05-27T05:44:12+00:00
MTD,MTD,2026-05-26,1101.329956,1101.329956,169200,Yahoo EOD via GitHub Actions/yfinance,2026-05-27T05:44:12+00:00
MU,MU,2026-05-26,895.880005,895.880005,75733400,Yahoo EOD via GitHub Actions/yfinance,2026-05-27T05:44:12+00:00
NCLH,NCLH,2026-05-26,17.1,17.1,22756900,Yahoo EOD via GitHub Actions/yfinance,2026-05-27T05:44:12+00:00
NDAQ,NDAQ,2026-05-26,90.879997,90.879997,2479900,Yahoo EOD via GitHub Actions/yfinance,2026-05-27T05:44:12+00:00
NDSN,NDSN,2026-05-26,287.829987,287.829987,609800,Yahoo EOD via GitHub Actions/yfinance,2026-05-27T05:44:12+00:00
NEE,NEE,2026-05-26,87.650002,87.650002,11759500,Yahoo EOD via GitHub Actions/yfinance,2026-05-27T05:44:12+00:00
NEM,NEM,2026-05-26,111.610001,111.610001,6524700,Yahoo EOD via GitHub Actions/yfinance,2026-05-27T05:44:12+00:00
NFLX,NFLX,2026-05-26,87.68,87.68,23971900,Yahoo EOD via GitHub Actions/yfinance,2026-05-27T05:44:12+00:00
NI,NI,2026-05-26,47.799999,47.799999,3165500,Yahoo EOD via GitHub Actions/yfinance,2026-05-27T05:44:12+00:00
NKE,NKE,2026-05-26,44.939999,44.939999,18622200,Yahoo EOD via GitHub Actions/yfinance,2026-05-27T05:44:12+00:00
NOC,NOC,2026-05-26,556.799988,556.799988,606900,Yahoo EOD via GitHub Actions/yfinance,2026-05-27T05:44:12+00:00
NOW,NOW,2026-05-26,99.919998,99.919998,23488000,Yahoo EOD via GitHub Actions/yfinance,2026-05-27T05:44:12+00:00
NRG,NRG,2026-05-26,140.429993,140.429993,2678500,Yahoo EOD via GitHub Actions/yfinance,2026-05-27T05:44:12+00:00
NSC,NSC,2026-05-26,320.220001,320.220001,1107300,Yahoo EOD via GitHub Actions/yfinance,2026-05-27T05:44:12+00:00
NTAP,NTAP,2026-05-26,138.949997,138.949997,6060700,Yahoo EOD via GitHub Actions/yfinance,2026-05-27T05:44:12+00:00
NTRS,NTRS,2026-05-26,169.940002,169.940002,1166900,Yahoo EOD via GitHub Actions/yfinance,2026-05-27T05:44:12+00:00
NUE,NUE,2026-05-26,240.289993,240.289993,1569900,Yahoo EOD via GitHub Actions/yfinance,2026-05-27T05:44:12+00:00
NVDA,NVDA,2026-05-26,214.860001,214.860001,186505600,Yahoo EOD via GitHub Actions/yfinance,2026-05-27T05:44:12+00:00
NVR,NVR,2026-05-26,6032.819824,6032.819824,45700,Yahoo EOD via GitHub Actions/yfinance,2026-05-27T05:44:12+00:00
NWS,NWS,2026-05-26,29.950001,29.950001,991000,Yahoo EOD via GitHub Actions/yfinance,2026-05-27T05:44:12+00:00
NWSA,NWSA,2026-05-26,26.200001,26.200001,3507200,Yahoo EOD via GitHub Actions/yfinance,2026-05-27T05:44:12+00:00
NXPI,NXPI,2026-05-26,332.670013,332.670013,4618900,Yahoo EOD via GitHub Actions/yfinance,2026-05-27T05:44:12+00:00
O,O,2026-05-26,62.450001,62.450001,4932200,Yahoo EOD via GitHub Actions/yfinance,2026-05-27T05:44:12+00:00
ODFL,ODFL,2026-05-26,216.610001,216.610001,2213200,Yahoo EOD via GitHub Actions/yfinance,2026-05-27T05:44:12+00:00
OKE,OKE,2026-05-26,90.440002,90.440002,4571300,Yahoo EOD via GitHub Actions/yfinance,2026-05-27T05:44:12+00:00
OMC,OMC,2026-05-26,74.410004,74.410004,2494300,Yahoo EOD via GitHub Actions/yfinance,2026-05-27T05:44:12+00:00
ON,ON,2026-05-26,127.0,127.0,19239100,Yahoo EOD via GitHub Actions/yfinance,2026-05-27T05:44:12+00:00
ORCL,ORCL,2026-05-26,193.059998,193.059998,12828900,Yahoo EOD via GitHub Actions/yfinance,2026-05-27T05:44:12+00:00
ORLY,ORLY,2026-05-26,89.870003,89.870003,9060100,Yahoo EOD via GitHub Actions/yfinance,2026-05-27T05:44:12+00:00
OTIS,OTIS,2026-05-26,72.730003,72.730003,2087700,Yahoo EOD via GitHub Actions/yfinance,2026-05-27T05:44:12+00:00
OXY,OXY,2026-05-26,57.459999,57.459999,10551200,Yahoo EOD via GitHub Actions/yfinance,2026-05-27T05:44:12+00:00
PANW,PANW,2026-05-26,256.75,256.75,7164000,Yahoo EOD via GitHub Actions/yfinance,2026-05-27T05:44:12+00:00
PAYX,PAYX,2026-05-26,94.800003,94.800003,2959500,Yahoo EOD via GitHub Actions/yfinance,2026-05-27T05:44:12+00:00
PCAR,PCAR,2026-05-26,112.010002,112.010002,2728300,Yahoo EOD via GitHub Actions/yfinance,2026-05-27T05:44:12+00:00
PCG,PCG,2026-05-26,16.42,16.42,14421600,Yahoo EOD via GitHub Actions/yfinance,2026-05-27T05:44:12+00:00
PEG,PEG,2026-05-26,80.07,80.07,3406500,Yahoo EOD via GitHub Actions/yfinance,2026-05-27T05:44:12+00:00
PEP,PEP,2026-05-26,145.679993,145.679993,9059200,Yahoo EOD via GitHub Actions/yfinance,2026-05-27T05:44:12+00:00
PFE,PFE,2026-05-26,25.85,25.85,29064800,Yahoo EOD via GitHub Actions/yfinance,2026-05-27T05:44:12+00:00
PFG,PFG,2026-05-26,104.709999,104.709999,853700,Yahoo EOD via GitHub Actions/yfinance,2026-05-27T05:44:12+00:00
PG,PG,2026-05-26,142.960007,142.960007,8157200,Yahoo EOD via GitHub Actions/yfinance,2026-05-27T05:44:12+00:00
PGR,PGR,2026-05-26,198.779999,198.779999,2869400,Yahoo EOD via GitHub Actions/yfinance,2026-05-27T05:44:12+00:00
PH,PH,2026-05-26,868.030029,868.030029,780200,Yahoo EOD via GitHub Actions/yfinance,2026-05-27T05:44:12+00:00
PHM,PHM,2026-05-26,117.839996,117.839996,1785900,Yahoo EOD via GitHub Actions/yfinance,2026-05-27T05:44:12+00:00
PKG,PKG,2026-05-26,218.470001,218.470001,657600,Yahoo EOD via GitHub Actions/yfinance,2026-05-27T05:44:12+00:00
PLD,PLD,2026-05-26,146.940002,146.940002,2480300,Yahoo EOD via GitHub Actions/yfinance,2026-05-27T05:44:12+00:00
PLTR,PLTR,2026-05-26,136.600006,136.600006,31568400,Yahoo EOD via GitHub Actions/yfinance,2026-05-27T05:44:12+00:00
PM,PM,2026-05-26,181.529999,181.529999,4945300,Yahoo EOD via GitHub Actions/yfinance,2026-05-27T05:44:12+00:00
PNC,PNC,2026-05-26,220.809998,220.809998,1387300,Yahoo EOD via GitHub Actions/yfinance,2026-05-27T05:44:12+00:00
PNR,PNR,2026-05-26,73.540001,73.540001,2339600,Yahoo EOD via GitHub Actions/yfinance,2026-05-27T05:44:12+00:00
PNW,PNW,2026-05-26,102.830002,102.830002,873200,Yahoo EOD via GitHub Actions/yfinance,2026-05-27T05:44:12+00:00
PODD,PODD,2026-05-26,153.800003,153.800003,1302600,Yahoo EOD via GitHub Actions/yfinance,2026-05-27T05:44:12+00:00
POOL,POOL,2026-05-26,182.350006,182.350006,667500,Yahoo EOD via GitHub Actions/yfinance,2026-05-27T05:44:12+00:00
PPG,PPG,2026-05-26,109.540001,109.540001,2187800,Yahoo EOD via GitHub Actions/yfinance,2026-05-27T05:44:12+00:00
PPL,PPL,2026-05-26,36.119999,36.119999,9170400,Yahoo EOD via GitHub Actions/yfinance,2026-05-27T05:44:12+00:00
PRU,PRU,2026-05-26,102.620003,102.620003,1400800,Yahoo EOD via GitHub Actions/yfinance,2026-05-27T05:44:12+00:00
PSA,PSA,2026-05-26,304.470001,304.470001,929300,Yahoo EOD via GitHub Actions/yfinance,2026-05-27T05:44:12+00:00
PSKY,PSKY,2026-05-26,10.37,10.37,4730400,Yahoo EOD via GitHub Actions/yfinance,2026-05-27T05:44:12+00:00
PSX,PSX,2026-05-26,173.880005,173.880005,1748500,Yahoo EOD via GitHub Actions/yfinance,2026-05-27T05:44:12+00:00
PTC,PTC,2026-05-26,144.880005,144.880005,1411000,Yahoo EOD via GitHub Actions/yfinance,2026-05-27T05:44:12+00:00
PWR,PWR,2026-05-26,742.179993,742.179993,881700,Yahoo EOD via GitHub Actions/yfinance,2026-05-27T05:44:12+00:00
PYPL,PYPL,2026-05-26,44.16,44.16,13145400,Yahoo EOD via GitHub Actions/yfinance,2026-05-27T05:44:12+00:00
Q,Q,2026-05-26,164.570007,164.570007,1581100,Yahoo EOD via GitHub Actions/yfinance,2026-05-27T05:44:12+00:00
QCOM,QCOM,2026-05-26,248.820007,248.820007,30600000,Yahoo EOD via GitHub Actions/yfinance,2026-05-27T05:44:12+00:00
RCL,RCL,2026-05-26,267.709991,267.709991,4352600,Yahoo EOD via GitHub Actions/yfinance,2026-05-27T05:44:12+00:00
REG,REG,2026-05-26,78.989998,78.989998,1007400,Yahoo EOD via GitHub Actions/yfinance,2026-05-27T05:44:12+00:00
REGN,REGN,2026-05-26,634.619995,634.619995,889800,Yahoo EOD via GitHub Actions/yfinance,2026-05-27T05:44:12+00:00
RF,RF,2026-05-26,28.25,28.25,10082500,Yahoo EOD via GitHub Actions/yfinance,2026-05-27T05:44:12+00:00
RJF,RJF,2026-05-26,152.130005,152.130005,1511500,Yahoo EOD via GitHub Actions/yfinance,2026-05-27T05:44:12+00:00
RL,RL,2026-05-26,381.779999,381.779999,949100,Yahoo EOD via GitHub Actions/yfinance,2026-05-27T05:44:12+00:00
RMD,RMD,2026-05-26,207.979996,207.979996,1695200,Yahoo EOD via GitHub Actions/yfinance,2026-05-27T05:44:12+00:00
ROK,ROK,2026-05-26,456.299988,456.299988,711800,Yahoo EOD via GitHub Actions/yfinance,2026-05-27T05:44:12+00:00
ROL,ROL,2026-05-26,53.16,53.16,2503600,Yahoo EOD via GitHub Actions/yfinance,2026-05-27T05:44:12+00:00
ROP,ROP,2026-05-26,320.299988,320.299988,759200,Yahoo EOD via GitHub Actions/yfinance,2026-05-27T05:44:12+00:00
ROST,ROST,2026-05-26,234.679993,234.679993,3241900,Yahoo EOD via GitHub Actions/yfinance,2026-05-27T05:44:12+00:00
RSG,RSG,2026-05-26,207.050003,207.050003,1788300,Yahoo EOD via GitHub Actions/yfinance,2026-05-27T05:44:12+00:00
RTX,RTX,2026-05-26,178.970001,178.970001,5529700,Yahoo EOD via GitHub Actions/yfinance,2026-05-27T05:44:12+00:00
RVTY,RVTY,2026-05-26,96.830002,96.830002,2453900,Yahoo EOD via GitHub Actions/yfinance,2026-05-27T05:44:12+00:00
SATS,SATS,2026-05-26,123.120003,123.120003,11211600,Yahoo EOD via GitHub Actions/yfinance,2026-05-27T05:44:12+00:00
SBAC,SBAC,2026-05-26,201.729996,201.729996,651600,Yahoo EOD via GitHub Actions/yfinance,2026-05-27T05:44:12+00:00
SBUX,SBUX,2026-05-26,101.419998,101.419998,9099100,Yahoo EOD via GitHub Actions/yfinance,2026-05-27T05:44:12+00:00
SCHW,SCHW,2026-05-26,89.400002,89.400002,8359900,Yahoo EOD via GitHub Actions/yfinance,2026-05-27T05:44:12+00:00
SHW,SHW,2026-05-26,311.25,311.25,2104100,Yahoo EOD via GitHub Actions/yfinance,2026-05-27T05:44:12+00:00
SJM,SJM,2026-05-26,102.32,102.32,2007900,Yahoo EOD via GitHub Actions/yfinance,2026-05-27T05:44:12+00:00
SLB,SLB,2026-05-26,57.98,57.98,13440200,Yahoo EOD via GitHub Actions/yfinance,2026-05-27T05:44:12+00:00
SMCI,SMCI,2026-05-26,37.099998,37.099998,42950800,Yahoo EOD via GitHub Actions/yfinance,2026-05-27T05:44:12+00:00
SNA,SNA,2026-05-26,372.100006,372.100006,326100,Yahoo EOD via GitHub Actions/yfinance,2026-05-27T05:44:12+00:00
SNDK,SNDK,2026-05-26,1589.550049,1589.550049,12811900,Yahoo EOD via GitHub Actions/yfinance,2026-05-27T05:44:12+00:00
SNPS,SNPS,2026-05-26,534.559998,534.559998,1792100,Yahoo EOD via GitHub Actions/yfinance,2026-05-27T05:44:12+00:00
SO,SO,2026-05-26,94.089996,94.089996,4168900,Yahoo EOD via GitHub Actions/yfinance,2026-05-27T05:44:12+00:00
SOLV,SOLV,2026-05-26,76.269997,76.269997,1068800,Yahoo EOD via GitHub Actions/yfinance,2026-05-27T05:44:12+00:00
SPG,SPG,2026-05-26,206.940002,206.940002,1257600,Yahoo EOD via GitHub Actions/yfinance,2026-05-27T05:44:12+00:00
SPGI,SPGI,2026-05-26,412.480011,412.480011,2378200,Yahoo EOD via GitHub Actions/yfinance,2026-05-27T05:44:12+00:00
SRE,SRE,2026-05-26,91.550003,91.550003,2198700,Yahoo EOD via GitHub Actions/yfinance,2026-05-27T05:44:12+00:00
STE,STE,2026-05-26,216.270004,216.270004,682400,Yahoo EOD via GitHub Actions/yfinance,2026-05-27T05:44:12+00:00
STLD,STLD,2026-05-26,250.490005,250.490005,1069300,Yahoo EOD via GitHub Actions/yfinance,2026-05-27T05:44:12+00:00
STT,STT,2026-05-26,158.520004,158.520004,2134800,Yahoo EOD via GitHub Actions/yfinance,2026-05-27T05:44:12+00:00
STX,STX,2026-05-26,845.76001,845.76001,3425900,Yahoo EOD via GitHub Actions/yfinance,2026-05-27T05:44:12+00:00
STZ,STZ,2026-05-26,147.639999,147.639999,2426800,Yahoo EOD via GitHub Actions/yfinance,2026-05-27T05:44:12+00:00
SW,SW,2026-05-26,39.200001,39.200001,4544200,Yahoo EOD via GitHub Actions/yfinance,2026-05-27T05:44:12+00:00
SWK,SWK,2026-05-26,78.93,78.93,1401700,Yahoo EOD via GitHub Actions/yfinance,2026-05-27T05:44:12+00:00
SWKS,SWKS,2026-05-26,83.419998,83.419998,6017200,Yahoo EOD via GitHub Actions/yfinance,2026-05-27T05:44:12+00:00
SYF,SYF,2026-05-26,71.900002,71.900002,4123600,Yahoo EOD via GitHub Actions/yfinance,2026-05-27T05:44:12+00:00
SYK,SYK,2026-05-26,313.0,313.0,2834600,Yahoo EOD via GitHub Actions/yfinance,2026-05-27T05:44:12+00:00
SYY,SYY,2026-05-26,75.32,75.32,2873200,Yahoo EOD via GitHub Actions/yfinance,2026-05-27T05:44:12+00:00
T,T,2026-05-26,25.02,25.02,32450700,Yahoo EOD via GitHub Actions/yfinance,2026-05-27T05:44:12+00:00
TAP,TAP,2026-05-26,41.23,41.23,3367800,Yahoo EOD via GitHub Actions/yfinance,2026-05-27T05:44:12+00:00
TDG,TDG,2026-05-26,1226.0,1226.0,382400,Yahoo EOD via GitHub Actions/yfinance,2026-05-27T05:44:12+00:00
TDY,TDY,2026-05-26,627.969971,627.969971,428300,Yahoo EOD via GitHub Actions/yfinance,2026-05-27T05:44:12+00:00
TECH,TECH,2026-05-26,47.970001,47.970001,2588200,Yahoo EOD via GitHub Actions/yfinance,2026-05-27T05:44:12+00:00
TEL,TEL,2026-05-26,208.600006,208.600006,3646900,Yahoo EOD via GitHub Actions/yfinance,2026-05-27T05:44:12+00:00
TER,TER,2026-05-26,389.140015,389.140015,4005700,Yahoo EOD via GitHub Actions/yfinance,2026-05-27T05:44:12+00:00
TFC,TFC,2026-05-26,48.68,48.68,5280200,Yahoo EOD via GitHub Actions/yfinance,2026-05-27T05:44:12+00:00
TGT,TGT,2026-05-26,125.43,125.43,4455500,Yahoo EOD via GitHub Actions/yfinance,2026-05-27T05:44:12+00:00
TJX,TJX,2026-05-26,158.970001,158.970001,4721700,Yahoo EOD via GitHub Actions/yfinance,2026-05-27T05:44:12+00:00
TKO,TKO,2026-05-26,188.089996,188.089996,1513400,Yahoo EOD via GitHub Actions/yfinance,2026-05-27T05:44:12+00:00
TMO,TMO,2026-05-26,448.179993,448.179993,1942600,Yahoo EOD via GitHub Actions/yfinance,2026-05-27T05:44:12+00:00
TMUS,TMUS,2026-05-26,191.110001,191.110001,4024000,Yahoo EOD via GitHub Actions/yfinance,2026-05-27T05:44:12+00:00
TPL,TPL,2026-05-26,400.089996,400.089996,368600,Yahoo EOD via GitHub Actions/yfinance,2026-05-27T05:44:12+00:00
TPR,TPR,2026-05-26,140.619995,140.619995,1533200,Yahoo EOD via GitHub Actions/yfinance,2026-05-27T05:44:12+00:00
TRGP,TRGP,2026-05-26,269.890015,269.890015,1186700,Yahoo EOD via GitHub Actions/yfinance,2026-05-27T05:44:12+00:00
TRMB,TRMB,2026-05-26,56.34,56.34,2406600,Yahoo EOD via GitHub Actions/yfinance,2026-05-27T05:44:12+00:00
TROW,TROW,2026-05-26,103.82,103.82,1260900,Yahoo EOD via GitHub Actions/yfinance,2026-05-27T05:44:12+00:00
TRV,TRV,2026-05-26,304.839996,304.839996,854500,Yahoo EOD via GitHub Actions/yfinance,2026-05-27T05:44:12+00:00
TSCO,TSCO,2026-05-26,29.799999,29.799999,19213700,Yahoo EOD via GitHub Actions/yfinance,2026-05-27T05:44:12+00:00
TSLA,TSLA,2026-05-26,433.589996,433.589996,45401300,Yahoo EOD via GitHub Actions/yfinance,2026-05-27T05:44:12+00:00
TSN,TSN,2026-05-26,65.129997,65.129997,2375600,Yahoo EOD via GitHub Actions/yfinance,2026-05-27T05:44:12+00:00
TT,TT,2026-05-26,461.429993,461.429993,1388100,Yahoo EOD via GitHub Actions/yfinance,2026-05-27T05:44:12+00:00
TTD,TTD,2026-05-26,22.18,22.18,16656100,Yahoo EOD via GitHub Actions/yfinance,2026-05-27T05:44:12+00:00
TTWO,TTWO,2026-05-26,220.669998,220.669998,3239500,Yahoo EOD via GitHub Actions/yfinance,2026-05-27T05:44:12+00:00
TXN,TXN,2026-05-26,324.890015,324.890015,8480000,Yahoo EOD via GitHub Actions/yfinance,2026-05-27T05:44:12+00:00
TXT,TXT,2026-05-26,92.68,92.68,855200,Yahoo EOD via GitHub Actions/yfinance,2026-05-27T05:44:12+00:00
TYL,TYL,2026-05-26,307.390015,307.390015,650100,Yahoo EOD via GitHub Actions/yfinance,2026-05-27T05:44:12+00:00
UAL,UAL,2026-05-26,105.919998,105.919998,6159200,Yahoo EOD via GitHub Actions/yfinance,2026-05-27T05:44:12+00:00
UBER,UBER,2026-05-26,70.120003,70.120003,23236100,Yahoo EOD via GitHub Actions/yfinance,2026-05-27T05:44:12+00:00
UDR,UDR,2026-05-26,38.029999,38.029999,3140000,Yahoo EOD via GitHub Actions/yfinance,2026-05-27T05:44:12+00:00
UHS,UHS,2026-05-26,156.630005,156.630005,1063200,Yahoo EOD via GitHub Actions/yfinance,2026-05-27T05:44:12+00:00
ULTA,ULTA,2026-05-26,516.039978,516.039978,671100,Yahoo EOD via GitHub Actions/yfinance,2026-05-27T05:44:12+00:00
UNH,UNH,2026-05-26,376.859985,376.859985,6484900,Yahoo EOD via GitHub Actions/yfinance,2026-05-27T05:44:12+00:00
UNP,UNP,2026-05-26,271.100006,271.100006,3092300,Yahoo EOD via GitHub Actions/yfinance,2026-05-27T05:44:12+00:00
UPS,UPS,2026-05-26,101.970001,101.970001,4609600,Yahoo EOD via GitHub Actions/yfinance,2026-05-27T05:44:12+00:00
URI,URI,2026-05-26,962.919983,962.919983,354400,Yahoo EOD via GitHub Actions/yfinance,2026-05-27T05:44:12+00:00
USB,USB,2026-05-26,55.220001,55.220001,5636200,Yahoo EOD via GitHub Actions/yfinance,2026-05-27T05:44:12+00:00
V,V,2026-05-26,326.480011,326.480011,8705100,Yahoo EOD via GitHub Actions/yfinance,2026-05-27T05:44:12+00:00
VEEV,VEEV,2026-05-26,158.539993,158.539993,2255200,Yahoo EOD via GitHub Actions/yfinance,2026-05-27T05:44:12+00:00
VICI,VICI,2026-05-26,28.620001,28.620001,5289100,Yahoo EOD via GitHub Actions/yfinance,2026-05-27T05:44:12+00:00
VLO,VLO,2026-05-26,241.449997,241.449997,2758100,Yahoo EOD via GitHub Actions/yfinance,2026-05-27T05:44:12+00:00
VLTO,VLTO,2026-05-26,86.050003,86.050003,1773500,Yahoo EOD via GitHub Actions/yfinance,2026-05-27T05:44:12+00:00
VMC,VMC,2026-05-26,268.940002,268.940002,1160800,Yahoo EOD via GitHub Actions/yfinance,2026-05-27T05:44:12+00:00
VRSK,VRSK,2026-05-26,171.589996,171.589996,2247300,Yahoo EOD via GitHub Actions/yfinance,2026-05-27T05:44:12+00:00
VRSN,VRSN,2026-05-26,306.859985,306.859985,773100,Yahoo EOD via GitHub Actions/yfinance,2026-05-27T05:44:12+00:00
VRT,VRT,2026-05-26,323.910004,323.910004,6499300,Yahoo EOD via GitHub Actions/yfinance,2026-05-27T05:44:12+00:00
VRTX,VRTX,2026-05-26,435.929993,435.929993,865800,Yahoo EOD via GitHub Actions/yfinance,2026-05-27T05:44:12+00:00
VST,VST,2026-05-26,164.559998,164.559998,8511800,Yahoo EOD via GitHub Actions/yfinance,2026-05-27T05:44:12+00:00
VTR,VTR,2026-05-26,88.370003,88.370003,3061200,Yahoo EOD via GitHub Actions/yfinance,2026-05-27T05:44:12+00:00
VTRS,VTRS,2026-05-26,16.26,16.26,11435900,Yahoo EOD via GitHub Actions/yfinance,2026-05-27T05:44:12+00:00
VZ,VZ,2026-05-26,48.490002,48.490002,23013700,Yahoo EOD via GitHub Actions/yfinance,2026-05-27T05:44:12+00:00
WAB,WAB,2026-05-26,261.470001,261.470001,997700,Yahoo EOD via GitHub Actions/yfinance,2026-05-27T05:44:12+00:00
WAT,WAT,2026-05-26,338.640015,338.640015,594700,Yahoo EOD via GitHub Actions/yfinance,2026-05-27T05:44:12+00:00
WBD,WBD,2026-05-26,27.0,27.0,23876200,Yahoo EOD via GitHub Actions/yfinance,2026-05-27T05:44:12+00:00
WDAY,WDAY,2026-05-26,124.019997,124.019997,4490600,Yahoo EOD via GitHub Actions/yfinance,2026-05-27T05:44:12+00:00
WDC,WDC,2026-05-26,524.650024,524.650024,7538300,Yahoo EOD via GitHub Actions/yfinance,2026-05-27T05:44:12+00:00
WEC,WEC,2026-05-26,112.989998,112.989998,2084500,Yahoo EOD via GitHub Actions/yfinance,2026-05-27T05:44:12+00:00
WELL,WELL,2026-05-26,218.130005,218.130005,3242600,Yahoo EOD via GitHub Actions/yfinance,2026-05-27T05:44:12+00:00
WFC,WFC,2026-05-26,77.519997,77.519997,21956700,Yahoo EOD via GitHub Actions/yfinance,2026-05-27T05:44:12+00:00
WM,WM,2026-05-26,215.479996,215.479996,2046400,Yahoo EOD via GitHub Actions/yfinance,2026-05-27T05:44:12+00:00
WMB,WMB,2026-05-26,76.339996,76.339996,5580600,Yahoo EOD via GitHub Actions/yfinance,2026-05-27T05:44:12+00:00
WMT,WMT,2026-05-26,118.57,118.57,28761500,Yahoo EOD via GitHub Actions/yfinance,2026-05-27T05:44:12+00:00
WRB,WRB,2026-05-26,67.330002,67.330002,1721600,Yahoo EOD via GitHub Actions/yfinance,2026-05-27T05:44:12+00:00
WSM,WSM,2026-05-26,198.380005,198.380005,966300,Yahoo EOD via GitHub Actions/yfinance,2026-05-27T05:44:12+00:00
WST,WST,2026-05-26,316.170013,316.170013,477700,Yahoo EOD via GitHub Actions/yfinance,2026-05-27T05:44:12+00:00
WTW,WTW,2026-05-26,256.350006,256.350006,506800,Yahoo EOD via GitHub Actions/yfinance,2026-05-27T05:44:12+00:00
WY,WY,2026-05-26,23.82,23.82,3659100,Yahoo EOD via GitHub Actions/yfinance,2026-05-27T05:44:12+00:00
WYNN,WYNN,2026-05-26,97.870003,97.870003,1467800,Yahoo EOD via GitHub Actions/yfinance,2026-05-27T05:44:12+00:00
XEL,XEL,2026-05-26,80.779999,80.779999,4082200,Yahoo EOD via GitHub Actions/yfinance,2026-05-27T05:44:12+00:00
XOM,XOM,2026-05-26,149.809998,149.809998,13044700,Yahoo EOD via GitHub Actions/yfinance,2026-05-27T05:44:12+00:00
XYL,XYL,2026-05-26,111.129997,111.129997,1859300,Yahoo EOD via GitHub Actions/yfinance,2026-05-27T05:44:12+00:00
XYZ,XYZ,2026-05-26,69.169998,69.169998,5078000,Yahoo EOD via GitHub Actions/yfinance,2026-05-27T05:44:12+00:00
YUM,YUM,2026-05-26,154.009995,154.009995,1921300,Yahoo EOD via GitHub Actions/yfinance,2026-05-27T05:44:12+00:00
ZBH,ZBH,2026-05-26,84.410004,84.410004,2072700,Yahoo EOD via GitHub Actions/yfinance,2026-05-27T05:44:12+00:00
ZBRA,ZBRA,2026-05-26,252.440002,252.440002,1064900,Yahoo EOD via GitHub Actions/yfinance,2026-05-27T05:44:12+00:00
ZTS,ZTS,2026-05-26,80.230003,80.230003,5696600,Yahoo EOD via GitHub Actions/yfinance,2026-05-27T05:44:12+00:00
